Product_ID,Surface
1,Block
1,Drywall
1,Masonry
1,Plaster
1,Wood
2,Block
2,Drywall
2,Masonry
2,Plaster
2,Wood
3,Block
3,Drywall
3,Masonry
3,Plaster
3,Wood
4,Block
4,Drywall
4,Masonry
4,Plaster
4,Wood
5,Block
5,Drywall
5,Masonry
5,Plaster
5,Wood
6,Block
6,Drywall
6,Masonry
6,Plaster
6,Wood
7,Wood
7,Aluminum
7,Steel
7,Wood
7,Plywood
7,Vinyl
8,Drywall
8,Masonry
8,Plaster
8,Wood
9,Block
9,Drywall
9,Masonry
9,Plaster
9,Wood
10,Block
10,Drywall
10,Masonry
10,Plaster
10,Wood
11,Drywall
11,Masonry
11,Plaster
11,Wood
12,Drywall
12,Masonry
12,Plaster
12,Wood
13,Block
13,Drywall
13,Masonry
13,Plaster
13,Wood
14,Aluminum
14,Drywall
14,Galvanized Steel
14,Masonry
14,Plaster
14,Steel
14,Wood
15,Aluminum
15,Drywall
15,Galvanized Steel
15,Masonry
15,Plaster
15,Steel
15,Wood
16,Drywall
16,Plaster
16,Wood
16,Aluminum
16,Block
16,Masonry
17,Drywall
17,Plaster
17,Wood
17,Aluminum
17,Block
17,Masonry
17,Plywood
18,Aluminum
18,Concrete
18,Stucco
18,Plywood
18,Vinyl
18,Wood
19,Aluminum
19,Galvanized Steel
19,Concrete
19,Stucco
19,Plywood
19,Wood
19,Vinyl
20,Aluminum
20,Concrete
20,Stucco
20,Plywood
20,Vinyl
20,Wood
21,Aluminum
21,Galvanized Steel
21,Concrete
21,Stucco
21,Plywood
21,Wood
21,Vinyl
22,Aluminum
22,Galvanized Steel
22,Stucco
22,Steel
22,Wood
22,Vinyl
23,Aluminum
23,Stucco
23,Concrete
23,Plywood
23,Vinyl
23,Wood
23,Galvanized Steel
24,Block
24,Drywall
24,Masonry
24,Plaster
24,Wood
25,Drywall
25,Masonry
25,Metal
25,Plaster
25,Wood